id,snippet,contentDetails
"{'kind': 'youtube#video', 'videoId': 'gIaIOSB0wuc'}","{'publishedAt': '2024-06-14T18:35:35Z', 'channelId': 'UCIe8cgTx8GgD_12D0WTv1dw', 'title': 'Master Intermediate SQL: Advanced Queries and Joins with MySQL (Part 2 of the Series)', 'description': 'Part one of the series: SQL for Beginners: Master Basic Queries with MySQL and Power BI Integration ...', 'thumbnails': {'default': {'url': 'https://i.ytimg.com/vi/gIaIOSB0wuc/default.jpg', 'width': 120, 'height': 90}, 'medium': {'url': 'https://i.ytimg.com/vi/gIaIOSB0wuc/mqdefault.jpg', 'width': 320, 'height': 180}, 'high': {'url': 'https://i.ytimg.com/vi/gIaIOSB0wuc/hqdefault.jpg', 'width': 480, 'height': 360}}, 'channelTitle': 'Ayotunde Ajibola', 'liveBroadcastContent': 'none', 'publishTime': '2024-06-14T18:35:35Z'}","{'duration': 'PT11M53S', 'dimension': '2d', 'definition': 'hd', 'caption': 'false', 'licensedContent': False, 'contentRating': {}, 'projection': 'rectangular'}"
"{'kind': 'youtube#video', 'videoId': '16LT-6Jy2Ww'}","{'publishedAt': '2024-06-11T11:48:16Z', 'channelId': 'UCXWyf8MMS4c2NUDO1H6RBiA', 'title': 'How to use String Functions In MYSQL | Intermediate SQL Tutorial', 'description': ""Welcome to our Intermediate SQL Tutorial, where we dive into the essential string functions! In this video, you'll learn how to ..."", 'thumbnails': {'default': {'url': 'https://i.ytimg.com/vi/16LT-6Jy2Ww/default.jpg', 'width': 120, 'height': 90}, 'medium': {'url': 'https://i.ytimg.com/vi/16LT-6Jy2Ww/mqdefault.jpg', 'width': 320, 'height': 180}, 'high': {'url': 'https://i.ytimg.com/vi/16LT-6Jy2Ww/hqdefault.jpg', 'width': 480, 'height': 360}}, 'channelTitle': 'CodeMafians', 'liveBroadcastContent': 'none', 'publishTime': '2024-06-11T11:48:16Z'}","{'duration': 'PT11M12S', 'dimension': '2d', 'definition': 'hd', 'caption': 'false', 'licensedContent': True, 'contentRating': {}, 'projection': 'rectangular'}"
"{'kind': 'youtube#video', 'videoId': 'dPN-p321I5I'}","{'publishedAt': '2024-05-09T14:48:10Z', 'channelId': 'UCW2QT_meWyQuajwPYbwrIyw', 'title': 'Bangla MySQL database &amp; SQL tutorial for beginner to Intermediate 2023', 'description': '', 'thumbnails': {'default': {'url': 'https://i.ytimg.com/vi/dPN-p321I5I/default.jpg', 'width': 120, 'height': 90}, 'medium': {'url': 'https://i.ytimg.com/vi/dPN-p321I5I/mqdefault.jpg', 'width': 320, 'height': 180}, 'high': {'url': 'https://i.ytimg.com/vi/dPN-p321I5I/hqdefault.jpg', 'width': 480, 'height': 360}}, 'channelTitle': 'M. R. AMIN CREATIVE IT CORNER', 'liveBroadcastContent': 'none', 'publishTime': '2024-05-09T14:48:10Z'}","{'duration': 'PT4H17M12S', 'dimension': '2d', 'definition': 'hd', 'caption': 'false', 'licensedContent': False, 'contentRating': {}, 'projection': 'rectangular'}"
"{'kind': 'youtube#video', 'videoId': '7NBt0V8ebGk'}","{'publishedAt': '2024-02-27T13:00:08Z', 'channelId': 'UC7cs8q-gJRlGwj4A8OmCmXg', 'title': 'Window Functions in MySQL | Intermediate MySQL', 'description': 'Full MySQL Course: https://www.analystbuilder.com/courses/mysql-for-data-analytics In this lesson we are going to take a look at ...', 'thumbnails': {'default': {'url': 'https://i.ytimg.com/vi/7NBt0V8ebGk/default.jpg', 'width': 120, 'height': 90}, 'medium': {'url': 'https://i.ytimg.com/vi/7NBt0V8ebGk/mqdefault.jpg', 'width': 320, 'height': 180}, 'high': {'url': 'https://i.ytimg.com/vi/7NBt0V8ebGk/hqdefault.jpg', 'width': 480, 'height': 360}}, 'channelTitle': 'Alex The Analyst', 'liveBroadcastContent': 'none', 'publishTime': '2024-02-27T13:00:08Z'}","{'duration': 'PT13M29S', 'dimension': '2d', 'definition': 'hd', 'caption': 'false', 'licensedContent': True, 'contentRating': {}, 'projection': 'rectangular'}"
"{'kind': 'youtube#video', 'videoId': 'Vj6RqA_X-IE'}","{'publishedAt': '2024-02-20T13:00:32Z', 'channelId': 'UC7cs8q-gJRlGwj4A8OmCmXg', 'title': 'Subqueries in MySQL | Intermediate MySQL', 'description': 'Full MySQL Course: https://www.analystbuilder.com/courses/mysql-for-data-analytics In this lesson we are going to take a look at ...', 'thumbnails': {'default': {'url': 'https://i.ytimg.com/vi/Vj6RqA_X-IE/default.jpg', 'width': 120, 'height': 90}, 'medium': {'url': 'https://i.ytimg.com/vi/Vj6RqA_X-IE/mqdefault.jpg', 'width': 320, 'height': 180}, 'high': {'url': 'https://i.ytimg.com/vi/Vj6RqA_X-IE/hqdefault.jpg', 'width': 480, 'height': 360}}, 'channelTitle': 'Alex The Analyst', 'liveBroadcastContent': 'none', 'publishTime': '2024-02-20T13:00:32Z'}","{'duration': 'PT11M1S', 'dimension': '2d', 'definition': 'hd', 'caption': 'false', 'licensedContent': True, 'contentRating': {}, 'projection': 'rectangular'}"
"{'kind': 'youtube#video', 'videoId': 'RYIiOG4LsvQ'}","{'publishedAt': '2024-02-13T13:00:19Z', 'channelId': 'UC7cs8q-gJRlGwj4A8OmCmXg', 'title': 'Case Statements in MySQL | Intermediate MySQL', 'description': 'Full MySQL Course: https://www.analystbuilder.com/courses/mysql-for-data-analytics In this lesson we are going to take a look at ...', 'thumbnails': {'default': {'url': 'https://i.ytimg.com/vi/RYIiOG4LsvQ/default.jpg', 'width': 120, 'height': 90}, 'medium': {'url': 'https://i.ytimg.com/vi/RYIiOG4LsvQ/mqdefault.jpg', 'width': 320, 'height': 180}, 'high': {'url': 'https://i.ytimg.com/vi/RYIiOG4LsvQ/hqdefault.jpg', 'width': 480, 'height': 360}}, 'channelTitle': 'Alex The Analyst', 'liveBroadcastContent': 'none', 'publishTime': '2024-02-13T13:00:19Z'}","{'duration': 'PT8M53S', 'dimension': '2d', 'definition': 'hd', 'caption': 'false', 'licensedContent': True, 'contentRating': {}, 'projection': 'rectangular'}"
"{'kind': 'youtube#video', 'videoId': 'KRXSJb9ql1Y'}","{'publishedAt': '2024-01-30T13:00:17Z', 'channelId': 'UC7cs8q-gJRlGwj4A8OmCmXg', 'title': 'String Functions in MySQL | Intermediate MySQL Series', 'description': 'Full MySQL Course: https://www.analystbuilder.com/courses/mysql-for-data-analytics In this lesson we are going to take a look at ...', 'thumbnails': {'default': {'url': 'https://i.ytimg.com/vi/KRXSJb9ql1Y/default.jpg', 'width': 120, 'height': 90}, 'medium': {'url': 'https://i.ytimg.com/vi/KRXSJb9ql1Y/mqdefault.jpg', 'width': 320, 'height': 180}, 'high': {'url': 'https://i.ytimg.com/vi/KRXSJb9ql1Y/hqdefault.jpg', 'width': 480, 'height': 360}}, 'channelTitle': 'Alex The Analyst', 'liveBroadcastContent': 'none', 'publishTime': '2024-01-30T13:00:17Z'}","{'duration': 'PT11M54S', 'dimension': '2d', 'definition': 'hd', 'caption': 'false', 'licensedContent': True, 'contentRating': {}, 'projection': 'rectangular'}"
"{'kind': 'youtube#video', 'videoId': 'lXQzD09BOH0'}","{'publishedAt': '2024-01-16T13:00:42Z', 'channelId': 'UC7cs8q-gJRlGwj4A8OmCmXg', 'title': 'Joins in MySQL | Intermediate MySQL', 'description': 'Full MySQL Course: https://www.analystbuilder.com/courses/mysql-for-data-analytics In this lesson we are going to take a look at ...', 'thumbnails': {'default': {'url': 'https://i.ytimg.com/vi/lXQzD09BOH0/default.jpg', 'width': 120, 'height': 90}, 'medium': {'url': 'https://i.ytimg.com/vi/lXQzD09BOH0/mqdefault.jpg', 'width': 320, 'height': 180}, 'high': {'url': 'https://i.ytimg.com/vi/lXQzD09BOH0/hqdefault.jpg', 'width': 480, 'height': 360}}, 'channelTitle': 'Alex The Analyst', 'liveBroadcastContent': 'none', 'publishTime': '2024-01-16T13:00:42Z'}","{'duration': 'PT17M11S', 'dimension': '2d', 'definition': 'hd', 'caption': 'false', 'licensedContent': True, 'contentRating': {}, 'projection': 'rectangular'}"
"{'kind': 'youtube#video', 'videoId': 'wgRwITQHszU'}","{'publishedAt': '2023-10-31T12:00:54Z', 'channelId': 'UC7cs8q-gJRlGwj4A8OmCmXg', 'title': 'Installing MySQL and Creating Databases | MySQL for Beginners', 'description': 'In this lesson we are going to install MySQL and create our database. Download MySQL here: ...', 'thumbnails': {'default': {'url': 'https://i.ytimg.com/vi/wgRwITQHszU/default.jpg', 'width': 120, 'height': 90}, 'medium': {'url': 'https://i.ytimg.com/vi/wgRwITQHszU/mqdefault.jpg', 'width': 320, 'height': 180}, 'high': {'url': 'https://i.ytimg.com/vi/wgRwITQHszU/hqdefault.jpg', 'width': 480, 'height': 360}}, 'channelTitle': 'Alex The Analyst', 'liveBroadcastContent': 'none', 'publishTime': '2023-10-31T12:00:54Z'}","{'duration': 'PT12M4S', 'dimension': '2d', 'definition': 'hd', 'caption': 'false', 'licensedContent': True, 'contentRating': {}, 'projection': 'rectangular'}"
"{'kind': 'youtube#video', 'videoId': 'Hy3qbMAoEJk'}","{'publishedAt': '2023-10-28T19:27:29Z', 'channelId': 'UCOwaE3fVOZSRujo2OPDKCHg', 'title': 'Master MySQL in ONE VIDEO: Beginner to Advanced Course For Beginners in Hindi | MPrashant', 'description': 'MPrashant #mysql #sql #database My MySQL PDF notes! Get yours at a special price of 39/- only!', 'thumbnails': {'default': {'url': 'https://i.ytimg.com/vi/Hy3qbMAoEJk/default.jpg', 'width': 120, 'height': 90}, 'medium': {'url': 'https://i.ytimg.com/vi/Hy3qbMAoEJk/mqdefault.jpg', 'width': 320, 'height': 180}, 'high': {'url': 'https://i.ytimg.com/vi/Hy3qbMAoEJk/hqdefault.jpg', 'width': 480, 'height': 360}}, 'channelTitle': 'MPrashant TECH', 'liveBroadcastContent': 'none', 'publishTime': '2023-10-28T19:27:29Z'}","{'duration': 'PT6H59M7S', 'dimension': '2d', 'definition': 'hd', 'caption': 'false', 'licensedContent': True, 'contentRating': {}, 'projection': 'rectangular'}"
"{'kind': 'youtube#video', 'videoId': 'hlGoQC332VM'}","{'publishedAt': '2023-08-18T17:38:13Z', 'channelId': 'UCBwmMxybNva6P_5VmxjzwqA', 'title': 'SQL - Complete Course in 3 Hours | SQL One Shot using MySQL', 'description': 'You can join the NEW Web Development batch using the below link. Delta 3.0(Full Stack Web Development) ...', 'thumbnails': {'default': {'url': 'https://i.ytimg.com/vi/hlGoQC332VM/default.jpg', 'width': 120, 'height': 90}, 'medium': {'url': 'https://i.ytimg.com/vi/hlGoQC332VM/mqdefault.jpg', 'width': 320, 'height': 180}, 'high': {'url': 'https://i.ytimg.com/vi/hlGoQC332VM/hqdefault.jpg', 'width': 480, 'height': 360}}, 'channelTitle': 'Apna College', 'liveBroadcastContent': 'none', 'publishTime': '2023-08-18T17:38:13Z'}","{'duration': 'PT3H16M14S', 'dimension': '2d', 'definition': 'hd', 'caption': 'false', 'licensedContent': True, 'contentRating': {}, 'projection': 'rectangular'}"
"{'kind': 'youtube#video', 'videoId': '_cnyV2EpL38'}","{'publishedAt': '2023-08-17T00:08:10Z', 'channelId': 'UCDzl6EAAz1ZCnzPY8YaynUg', 'title': 'mysql tutorial for beginners | SQL Tutorial basic to advanced |  Dear computer', 'description': 'title - sql tutorial for beginners #MySQLtutorial #LearnMySQL #MySQLcourse #MySQLdatabase #SQLqueries #DatabaseTutorial ...', 'thumbnails': {'default': {'url': 'https://i.ytimg.com/vi/_cnyV2EpL38/default.jpg', 'width': 120, 'height': 90}, 'medium': {'url': 'https://i.ytimg.com/vi/_cnyV2EpL38/mqdefault.jpg', 'width': 320, 'height': 180}, 'high': {'url': 'https://i.ytimg.com/vi/_cnyV2EpL38/hqdefault.jpg', 'width': 480, 'height': 360}}, 'channelTitle': 'Dear computer', 'liveBroadcastContent': 'none', 'publishTime': '2023-08-17T00:08:10Z'}","{'duration': 'PT7H59M52S', 'dimension': '2d', 'definition': 'hd', 'caption': 'false', 'licensedContent': False, 'contentRating': {}, 'projection': 'rectangular'}"
"{'kind': 'youtube#video', 'videoId': '_BvLk3J8nkY'}","{'publishedAt': '2023-08-03T16:30:07Z', 'channelId': 'UCsvqVGtbbyHaMoevxPAq9Fg', 'title': 'üî• Advanced SQL Tutorial 2023 | SQL Training | SQL Database Tutorial  | Simplilearn', 'description': 'Post Graduate Program In Data Analytics: ...', 'thumbnails': {'default': {'url': 'https://i.ytimg.com/vi/_BvLk3J8nkY/default.jpg', 'width': 120, 'height': 90}, 'medium': {'url': 'https://i.ytimg.com/vi/_BvLk3J8nkY/mqdefault.jpg', 'width': 320, 'height': 180}, 'high': {'url': 'https://i.ytimg.com/vi/_BvLk3J8nkY/hqdefault.jpg', 'width': 480, 'height': 360}}, 'channelTitle': 'Simplilearn', 'liveBroadcastContent': 'none', 'publishTime': '2023-08-03T16:30:07Z'}","{'duration': 'PT9H30M56S', 'dimension': '2d', 'definition': 'hd', 'caption': 'false', 'licensedContent': True, 'contentRating': {}, 'projection': 'rectangular'}"
"{'kind': 'youtube#video', 'videoId': 'Qr1Go2gP8fo'}","{'publishedAt': '2023-05-17T17:00:10Z', 'channelId': 'UCQf9BYcqr8pzKrY14ZyMsbg', 'title': 'Walmart Sales Data Analysis With MySQL | MySQL Protfolio Project', 'description': 'Welcome to our YouTube video on the Walmart sales data analysis project with MySQL! In this tutorial, we dive into the world of ...', 'thumbnails': {'default': {'url': 'https://i.ytimg.com/vi/Qr1Go2gP8fo/default.jpg', 'width': 120, 'height': 90}, 'medium': {'url': 'https://i.ytimg.com/vi/Qr1Go2gP8fo/mqdefault.jpg', 'width': 320, 'height': 180}, 'high': {'url': 'https://i.ytimg.com/vi/Qr1Go2gP8fo/hqdefault.jpg', 'width': 480, 'height': 360}}, 'channelTitle': 'Code With Prince', 'liveBroadcastContent': 'none', 'publishTime': '2023-05-17T17:00:10Z'}","{'duration': 'PT1H1M50S', 'dimension': '2d', 'definition': 'hd', 'caption': 'false', 'licensedContent': True, 'contentRating': {}, 'projection': 'rectangular'}"
"{'kind': 'youtube#video', 'videoId': 'eYQg3DqGSO4'}","{'publishedAt': '2023-03-14T10:05:06Z', 'channelId': 'UC85Q2ddKOllR2H1gaW6dJ0g', 'title': '7 Essential MySQL Interview Questions Every Intermediate Developer Should Know', 'description': ""Preparing for a MySQL interview as an intermediate developer? We've got you covered! In this video, we've compiled a list of ..."", 'thumbnails': {'default': {'url': 'https://i.ytimg.com/vi/eYQg3DqGSO4/default.jpg', 'width': 120, 'height': 90}, 'medium': {'url': 'https://i.ytimg.com/vi/eYQg3DqGSO4/mqdefault.jpg', 'width': 320, 'height': 180}, 'high': {'url': 'https://i.ytimg.com/vi/eYQg3DqGSO4/hqdefault.jpg', 'width': 480, 'height': 360}}, 'channelTitle': ""Rodrick's Database Development Hub"", 'liveBroadcastContent': 'none', 'publishTime': '2023-03-14T10:05:06Z'}","{'duration': 'PT5M14S', 'dimension': '2d', 'definition': 'hd', 'caption': 'false', 'licensedContent': False, 'contentRating': {}, 'projection': 'rectangular'}"
"{'kind': 'youtube#video', 'videoId': 'SycDH3NSJUU'}","{'publishedAt': '2023-03-01T06:30:06Z', 'channelId': 'UCsvqVGtbbyHaMoevxPAq9Fg', 'title': 'MySQL Full Course 2023 | MySQL Tutorial For Beginners | SQL Full Course | SQL Training | Simplilearn', 'description': 'SQL Certification Course ...', 'thumbnails': {'default': {'url': 'https://i.ytimg.com/vi/SycDH3NSJUU/default.jpg', 'width': 120, 'height': 90}, 'medium': {'url': 'https://i.ytimg.com/vi/SycDH3NSJUU/mqdefault.jpg', 'width': 320, 'height': 180}, 'high': {'url': 'https://i.ytimg.com/vi/SycDH3NSJUU/hqdefault.jpg', 'width': 480, 'height': 360}}, 'channelTitle': 'Simplilearn', 'liveBroadcastContent': 'none', 'publishTime': '2023-03-01T06:30:06Z'}","{'duration': 'PT9H52M57S', 'dimension': '2d', 'definition': 'hd', 'caption': 'false', 'licensedContent': True, 'contentRating': {}, 'projection': 'rectangular'}"
"{'kind': 'youtube#video', 'videoId': '5OdVJbNCSso'}","{'publishedAt': '2023-01-02T15:00:02Z', 'channelId': 'UC4SVo0Ue36XCfOyb5Lh1viQ', 'title': 'MySQL Full Course for free üê¨ (2023)', 'description': 'MySQL #SQL #tutorial MySQL SQL tutorial for beginners ‚≠ê TIME STAMPS ‚≠ê #1 00:00:00 MySQL intro + installation 00:02:22 ...', 'thumbnails': {'default': {'url': 'https://i.ytimg.com/vi/5OdVJbNCSso/default.jpg', 'width': 120, 'height': 90}, 'medium': {'url': 'https://i.ytimg.com/vi/5OdVJbNCSso/mqdefault.jpg', 'width': 320, 'height': 180}, 'high': {'url': 'https://i.ytimg.com/vi/5OdVJbNCSso/hqdefault.jpg', 'width': 480, 'height': 360}}, 'channelTitle': 'Bro Code', 'liveBroadcastContent': 'none', 'publishTime': '2023-01-02T15:00:02Z'}","{'duration': 'PT3H', 'dimension': '2d', 'definition': 'hd', 'caption': 'false', 'licensedContent': True, 'contentRating': {}, 'projection': 'rectangular'}"
"{'kind': 'youtube#video', 'videoId': 'a-hFbr-4VQQ'}","{'publishedAt': '2022-12-28T13:00:10Z', 'channelId': 'UCnz-ZXXER4jOvuED5trXfEA', 'title': 'How to learn SQL for free | Roadmap to learning SQL', 'description': 'In this video, you will find complete roadmap on how to learn SQL for Beginners, Intermediate level, Advanced level and for ...', 'thumbnails': {'default': {'url': 'https://i.ytimg.com/vi/a-hFbr-4VQQ/default.jpg', 'width': 120, 'height': 90}, 'medium': {'url': 'https://i.ytimg.com/vi/a-hFbr-4VQQ/mqdefault.jpg', 'width': 320, 'height': 180}, 'high': {'url': 'https://i.ytimg.com/vi/a-hFbr-4VQQ/hqdefault.jpg', 'width': 480, 'height': 360}}, 'channelTitle': 'techTFQ', 'liveBroadcastContent': 'none', 'publishTime': '2022-12-28T13:00:10Z'}","{'duration': 'PT27M20S', 'dimension': '2d', 'definition': 'hd', 'caption': 'false', 'licensedContent': True, 'contentRating': {}, 'projection': 'rectangular'}"
"{'kind': 'youtube#video', 'videoId': 'aZnwpMON0NA'}","{'publishedAt': '2022-12-18T08:33:13Z', 'channelId': 'UCEXwc6mNh7Lakj6lX-7a2Mg', 'title': 'Bangla MySQL database &amp; SQL tutorial for beginner to Intermediate 2023', 'description': 'In this video, I will start from the basics of MySQL and take you to the intermediate level with theoretical and practical explanations.', 'thumbnails': {'default': {'url': 'https://i.ytimg.com/vi/aZnwpMON0NA/default.jpg', 'width': 120, 'height': 90}, 'medium': {'url': 'https://i.ytimg.com/vi/aZnwpMON0NA/mqdefault.jpg', 'width': 320, 'height': 180}, 'high': {'url': 'https://i.ytimg.com/vi/aZnwpMON0NA/hqdefault.jpg', 'width': 480, 'height': 360}}, 'channelTitle': 'Anisul Islam', 'liveBroadcastContent': 'none', 'publishTime': '2022-12-18T08:33:13Z'}","{'duration': 'PT4H17M12S', 'dimension': '2d', 'definition': 'hd', 'caption': 'false', 'licensedContent': True, 'contentRating': {}, 'projection': 'rectangular'}"
"{'kind': 'youtube#video', 'videoId': '4qK11Bp-ZDA'}","{'publishedAt': '2022-12-11T12:54:43Z', 'channelId': 'UCieJrEUHCLZ8cfgDhezY08Q', 'title': 'Advanced MySQL Topics FULL COURSE || SQL Advanced Tutorial | Advanced SQL Tutorial | Course 4', 'description': 'This course is part of the Meta Database Engineer Professional Certificate Course No 4 Out of 9    Advanced MySQL Topics     ...', 'thumbnails': {'default': {'url': 'https://i.ytimg.com/vi/4qK11Bp-ZDA/default.jpg', 'width': 120, 'height': 90}, 'medium': {'url': 'https://i.ytimg.com/vi/4qK11Bp-ZDA/mqdefault.jpg', 'width': 320, 'height': 180}, 'high': {'url': 'https://i.ytimg.com/vi/4qK11Bp-ZDA/hqdefault.jpg', 'width': 480, 'height': 360}}, 'channelTitle': 'Self Taught Courses', 'liveBroadcastContent': 'none', 'publishTime': '2022-12-11T12:54:43Z'}","{'duration': 'PT1H45M45S', 'dimension': '2d', 'definition': 'hd', 'caption': 'false', 'licensedContent': False, 'contentRating': {}, 'projection': 'rectangular'}"
"{'kind': 'youtube#video', 'videoId': 'a8Wc-LJmwNM'}","{'publishedAt': '2022-10-03T14:58:25Z', 'channelId': 'UCeDu_tljj04tTOPLO02bNvg', 'title': '18 hackerrank | The Pads problem solution | mysql tutorial in hindi', 'description': 'Hackerrank mysql problem solution. Select query problem solution. Mysql tutorial in hindi mysql tutorial for beginners mysql ...', 'thumbnails': {'default': {'url': 'https://i.ytimg.com/vi/a8Wc-LJmwNM/default.jpg', 'width': 120, 'height': 90}, 'medium': {'url': 'https://i.ytimg.com/vi/a8Wc-LJmwNM/mqdefault.jpg', 'width': 320, 'height': 180}, 'high': {'url': 'https://i.ytimg.com/vi/a8Wc-LJmwNM/hqdefault.jpg', 'width': 480, 'height': 360}}, 'channelTitle': 'Shiva Manhar', 'liveBroadcastContent': 'none', 'publishTime': '2022-10-03T14:58:25Z'}","{'duration': 'PT7M10S', 'dimension': '2d', 'definition': 'hd', 'caption': 'false', 'licensedContent': False, 'contentRating': {}, 'projection': 'rectangular'}"
"{'kind': 'youtube#video', 'videoId': 'I010T-UvmRM'}","{'publishedAt': '2022-06-30T16:35:47Z', 'channelId': 'UCL8l_VxCAN0jOpaLaRAm8sQ', 'title': 'PHP &amp; MySQL Blog App with Admin Panel Tutorial From Scratch   PHP &amp; MySQL Tutorial For Beginners', 'description': 'PHP & MySQL Blog App with Admin Panel Tutorial From Scratch - PHP & MySQL Tutorial For Beginners Hostinger Discount: ...', 'thumbnails': {'default': {'url': 'https://i.ytimg.com/vi/I010T-UvmRM/default.jpg', 'width': 120, 'height': 90}, 'medium': {'url': 'https://i.ytimg.com/vi/I010T-UvmRM/mqdefault.jpg', 'width': 320, 'height': 180}, 'high': {'url': 'https://i.ytimg.com/vi/I010T-UvmRM/hqdefault.jpg', 'width': 480, 'height': 360}}, 'channelTitle': 'EGATOR', 'liveBroadcastContent': 'none', 'publishTime': '2022-06-30T16:35:47Z'}","{'duration': 'PT8H42M5S', 'dimension': '2d', 'definition': 'hd', 'caption': 'false', 'licensedContent': True, 'contentRating': {}, 'projection': 'rectangular'}"
"{'kind': 'youtube#video', 'videoId': 'p3rR3ho775U'}","{'publishedAt': '2022-03-14T16:30:12Z', 'channelId': 'UCE__UhLJr60Otf0AancilEQ', 'title': 'PHP &amp; MySQL Tutorials 2023 | How to Deploy PHP App on Client Machine in Urdu - 07', 'description': 'PHP & MySQL Tutorials in Urdu/Hindi with a step-by-step complete training course for beginners and intermediate users.', 'thumbnails': {'default': {'url': 'https://i.ytimg.com/vi/p3rR3ho775U/default.jpg', 'width': 120, 'height': 90}, 'medium': {'url': 'https://i.ytimg.com/vi/p3rR3ho775U/mqdefault.jpg', 'width': 320, 'height': 180}, 'high': {'url': 'https://i.ytimg.com/vi/p3rR3ho775U/hqdefault.jpg', 'width': 480, 'height': 360}}, 'channelTitle': 'developers3nd', 'liveBroadcastContent': 'none', 'publishTime': '2022-03-14T16:30:12Z'}","{'duration': 'PT9M4S', 'dimension': '2d', 'definition': 'hd', 'caption': 'false', 'licensedContent': False, 'contentRating': {}, 'projection': 'rectangular'}"
"{'kind': 'youtube#video', 'videoId': 'nJIEIzF7tDw'}","{'publishedAt': '2022-02-01T13:00:24Z', 'channelId': 'UCnz-ZXXER4jOvuED5trXfEA', 'title': 'Subquery in SQL | Correlated Subquery + Complete SQL Subqueries Tutorial', 'description': 'Visit http://brilliant.org/techTFQ/ to get started learning STEM for free, and the first 200 people will get 20% off their annual ...', 'thumbnails': {'default': {'url': 'https://i.ytimg.com/vi/nJIEIzF7tDw/default.jpg', 'width': 120, 'height': 90}, 'medium': {'url': 'https://i.ytimg.com/vi/nJIEIzF7tDw/mqdefault.jpg', 'width': 320, 'height': 180}, 'high': {'url': 'https://i.ytimg.com/vi/nJIEIzF7tDw/hqdefault.jpg', 'width': 480, 'height': 360}}, 'channelTitle': 'techTFQ', 'liveBroadcastContent': 'none', 'publishTime': '2022-02-01T13:00:24Z'}","{'duration': 'PT1H10M44S', 'dimension': '2d', 'definition': 'hd', 'caption': 'false', 'licensedContent': True, 'contentRating': {}, 'projection': 'rectangular'}"
"{'kind': 'youtube#video', 'videoId': '0OQJDd3QqQM'}","{'publishedAt': '2022-01-06T13:00:00Z', 'channelId': 'UCnz-ZXXER4jOvuED5trXfEA', 'title': 'SQL JOINS Tutorial for beginners | Practice SQL Queries using JOINS - Part 1', 'description': ""This is the SQL JOINS Tutorial for complete beginners. In this video we shall cover INNER Join, LEFT Join and RIGHT Join. I'll be ..."", 'thumbnails': {'default': {'url': 'https://i.ytimg.com/vi/0OQJDd3QqQM/default.jpg', 'width': 120, 'height': 90}, 'medium': {'url': 'https://i.ytimg.com/vi/0OQJDd3QqQM/mqdefault.jpg', 'width': 320, 'height': 180}, 'high': {'url': 'https://i.ytimg.com/vi/0OQJDd3QqQM/hqdefault.jpg', 'width': 480, 'height': 360}}, 'channelTitle': 'techTFQ', 'liveBroadcastContent': 'none', 'publishTime': '2022-01-06T13:00:00Z'}","{'duration': 'PT35M23S', 'dimension': '2d', 'definition': 'hd', 'caption': 'false', 'licensedContent': True, 'contentRating': {}, 'projection': 'rectangular'}"
"{'kind': 'youtube#video', 'videoId': 'AK7_m-aThfw'}","{'publishedAt': '2021-12-01T13:00:04Z', 'channelId': 'UCnz-ZXXER4jOvuED5trXfEA', 'title': 'Top 25 SQL Interview Questions and Answers(The BEST SQL Interview Questions)', 'description': 'In this video, I will share my Top 25 SQL Interview Questions and Answers which I have captured from my own experience of ...', 'thumbnails': {'default': {'url': 'https://i.ytimg.com/vi/AK7_m-aThfw/default.jpg', 'width': 120, 'height': 90}, 'medium': {'url': 'https://i.ytimg.com/vi/AK7_m-aThfw/mqdefault.jpg', 'width': 320, 'height': 180}, 'high': {'url': 'https://i.ytimg.com/vi/AK7_m-aThfw/hqdefault.jpg', 'width': 480, 'height': 360}}, 'channelTitle': 'techTFQ', 'liveBroadcastContent': 'none', 'publishTime': '2021-12-01T13:00:04Z'}","{'duration': 'PT26M21S', 'dimension': '2d', 'definition': 'hd', 'caption': 'false', 'licensedContent': True, 'contentRating': {}, 'projection': 'rectangular'}"
"{'kind': 'youtube#video', 'videoId': 'bmwghAYdi68'}","{'publishedAt': '2021-11-12T08:36:48Z', 'channelId': 'UChxpnZM1gCCV4jW7ezSxiOQ', 'title': 'MySQL - Day 3 Class room  - Queries  at the intermediate level', 'description': '', 'thumbnails': {'default': {'url': 'https://i.ytimg.com/vi/bmwghAYdi68/default.jpg', 'width': 120, 'height': 90}, 'medium': {'url': 'https://i.ytimg.com/vi/bmwghAYdi68/mqdefault.jpg', 'width': 320, 'height': 180}, 'high': {'url': 'https://i.ytimg.com/vi/bmwghAYdi68/hqdefault.jpg', 'width': 480, 'height': 360}}, 'channelTitle': 'DeepNeuron', 'liveBroadcastContent': 'none', 'publishTime': '2021-11-12T08:36:48Z'}","{'duration': 'PT1H24M42S', 'dimension': '2d', 'definition': 'hd', 'caption': 'false', 'licensedContent': False, 'contentRating': {}, 'projection': 'rectangular'}"
"{'kind': 'youtube#video', 'videoId': 'FNYdBLwZ6cE'}","{'publishedAt': '2021-08-22T12:54:58Z', 'channelId': 'UCnz-ZXXER4jOvuED5trXfEA', 'title': 'Learn how to write SQL Queries(Practice Complex SQL Queries)', 'description': 'Learn how to write SQL Queries(Practice Complex SQL Queries) In this video, I will explain the thinking behind writing an SQL ...', 'thumbnails': {'default': {'url': 'https://i.ytimg.com/vi/FNYdBLwZ6cE/default.jpg', 'width': 120, 'height': 90}, 'medium': {'url': 'https://i.ytimg.com/vi/FNYdBLwZ6cE/mqdefault.jpg', 'width': 320, 'height': 180}, 'high': {'url': 'https://i.ytimg.com/vi/FNYdBLwZ6cE/hqdefault.jpg', 'width': 480, 'height': 360}}, 'channelTitle': 'techTFQ', 'liveBroadcastContent': 'none', 'publishTime': '2021-08-22T12:54:58Z'}","{'duration': 'PT49M56S', 'dimension': '2d', 'definition': 'hd', 'caption': 'false', 'licensedContent': True, 'contentRating': {}, 'projection': 'rectangular'}"
"{'kind': 'youtube#video', 'videoId': 'birnSOolMRE'}","{'publishedAt': '2021-05-12T05:33:46Z', 'channelId': 'UC1DDgROZz41Mek8ML7-_q9Q', 'title': 'Learn Php tutorial for beginners and Intermediate with MySQL in urdu / hindi Episode # 2.', 'description': 'Get familiar with the PHP Tutorials in hindi urdu this full course/instructional exercise. The course is intended for new developers, ...', 'thumbnails': {'default': {'url': 'https://i.ytimg.com/vi/birnSOolMRE/default.jpg', 'width': 120, 'height': 90}, 'medium': {'url': 'https://i.ytimg.com/vi/birnSOolMRE/mqdefault.jpg', 'width': 320, 'height': 180}, 'high': {'url': 'https://i.ytimg.com/vi/birnSOolMRE/hqdefault.jpg', 'width': 480, 'height': 360}}, 'channelTitle': 'Edulogy Academy Official', 'liveBroadcastContent': 'none', 'publishTime': '2021-05-12T05:33:46Z'}","{'duration': 'PT11M9S', 'dimension': '2d', 'definition': 'hd', 'caption': 'false', 'licensedContent': False, 'contentRating': {}, 'projection': 'rectangular'}"
"{'kind': 'youtube#video', 'videoId': 'IsVr12DAN44'}","{'publishedAt': '2021-05-01T05:55:52Z', 'channelId': 'UC1DDgROZz41Mek8ML7-_q9Q', 'title': 'Complete Step by Step Training PHP with MySQL for Beginners &amp; Intermediate', 'description': ""This course is for outright amateurs and will give you an extraordinary launch to learning PHP. We'll initially discuss what PHP is ..."", 'thumbnails': {'default': {'url': 'https://i.ytimg.com/vi/IsVr12DAN44/default.jpg', 'width': 120, 'height': 90}, 'medium': {'url': 'https://i.ytimg.com/vi/IsVr12DAN44/mqdefault.jpg', 'width': 320, 'height': 180}, 'high': {'url': 'https://i.ytimg.com/vi/IsVr12DAN44/hqdefault.jpg', 'width': 480, 'height': 360}}, 'channelTitle': 'Edulogy Academy Official', 'liveBroadcastContent': 'none', 'publishTime': '2021-05-01T05:55:52Z'}","{'duration': 'PT11M50S', 'dimension': '2d', 'definition': 'hd', 'caption': 'false', 'licensedContent': False, 'contentRating': {}, 'projection': 'rectangular'}"
"{'kind': 'youtube#video', 'videoId': 'm1KcNV-Zhmc'}","{'publishedAt': '2021-04-20T11:00:32Z', 'channelId': 'UC7cs8q-gJRlGwj4A8OmCmXg', 'title': 'Advanced SQL Tutorial | Subqueries', 'description': ""Take my Full MySQL Course Here: https://bit.ly/3tqOipr In today's Advanced SQL lesson we walk through how to use Subqueries."", 'thumbnails': {'default': {'url': 'https://i.ytimg.com/vi/m1KcNV-Zhmc/default.jpg', 'width': 120, 'height': 90}, 'medium': {'url': 'https://i.ytimg.com/vi/m1KcNV-Zhmc/mqdefault.jpg', 'width': 320, 'height': 180}, 'high': {'url': 'https://i.ytimg.com/vi/m1KcNV-Zhmc/hqdefault.jpg', 'width': 480, 'height': 360}}, 'channelTitle': 'Alex The Analyst', 'liveBroadcastContent': 'none', 'publishTime': '2021-04-20T11:00:32Z'}","{'duration': 'PT8M37S', 'dimension': '2d', 'definition': 'hd', 'caption': 'false', 'licensedContent': True, 'contentRating': {}, 'projection': 'rectangular'}"
"{'kind': 'youtube#video', 'videoId': 'Cz3WcZLRaWc'}","{'publishedAt': '2021-04-16T15:41:25Z', 'channelId': 'UCsBjURrPoezykLs9EqgamOA', 'title': 'MySQL - The Basics // Learn SQL in 23 Easy Steps', 'description': ""JOIN me for a full beginner's tutorial on MySQL. Learn the basics of relational databases by recreating AirBnb's database with raw ..."", 'thumbnails': {'default': {'url': 'https://i.ytimg.com/vi/Cz3WcZLRaWc/default.jpg', 'width': 120, 'height': 90}, 'medium': {'url': 'https://i.ytimg.com/vi/Cz3WcZLRaWc/mqdefault.jpg', 'width': 320, 'height': 180}, 'high': {'url': 'https://i.ytimg.com/vi/Cz3WcZLRaWc/hqdefault.jpg', 'width': 480, 'height': 360}}, 'channelTitle': 'Fireship', 'liveBroadcastContent': 'none', 'publishTime': '2021-04-16T15:41:25Z'}","{'duration': 'PT17M17S', 'dimension': '2d', 'definition': 'hd', 'caption': 'false', 'licensedContent': True, 'contentRating': {}, 'projection': 'rectangular'}"
"{'kind': 'youtube#video', 'videoId': 'M-55BmjOuXY'}","{'publishedAt': '2021-04-12T15:30:02Z', 'channelId': 'UCsvqVGtbbyHaMoevxPAq9Fg', 'title': 'SQL Advanced Tutorial | Advanced SQL Tutorial With Examples | SQL For Beginners | Simplilearn', 'description': 'SQL Certification Course ...', 'thumbnails': {'default': {'url': 'https://i.ytimg.com/vi/M-55BmjOuXY/default.jpg', 'width': 120, 'height': 90}, 'medium': {'url': 'https://i.ytimg.com/vi/M-55BmjOuXY/mqdefault.jpg', 'width': 320, 'height': 180}, 'high': {'url': 'https://i.ytimg.com/vi/M-55BmjOuXY/hqdefault.jpg', 'width': 480, 'height': 360}}, 'channelTitle': 'Simplilearn', 'liveBroadcastContent': 'none', 'publishTime': '2021-04-12T15:30:02Z'}","{'duration': 'PT1H8S', 'dimension': '2d', 'definition': 'hd', 'caption': 'false', 'licensedContent': True, 'contentRating': {}, 'projection': 'rectangular'}"
"{'kind': 'youtube#video', 'videoId': 'NrBJmtD0kEw'}","{'publishedAt': '2021-03-16T11:00:07Z', 'channelId': 'UC7cs8q-gJRlGwj4A8OmCmXg', 'title': 'Advanced SQL Tutorial | Stored Procedures + Use Cases', 'description': ""Take my Full MySQL Course Here: https://bit.ly/3tqOipr In today's Advanced SQL lesson we walk through how to use Stored ..."", 'thumbnails': {'default': {'url': 'https://i.ytimg.com/vi/NrBJmtD0kEw/default.jpg', 'width': 120, 'height': 90}, 'medium': {'url': 'https://i.ytimg.com/vi/NrBJmtD0kEw/mqdefault.jpg', 'width': 320, 'height': 180}, 'high': {'url': 'https://i.ytimg.com/vi/NrBJmtD0kEw/hqdefault.jpg', 'width': 480, 'height': 360}}, 'channelTitle': 'Alex The Analyst', 'liveBroadcastContent': 'none', 'publishTime': '2021-03-16T11:00:07Z'}","{'duration': 'PT6M15S', 'dimension': '2d', 'definition': 'hd', 'caption': 'false', 'licensedContent': True, 'contentRating': {}, 'projection': 'rectangular'}"
"{'kind': 'youtube#video', 'videoId': '8N37mcret_w'}","{'publishedAt': '2021-02-21T22:03:13Z', 'channelId': 'UCE__UhLJr60Otf0AancilEQ', 'title': 'PHP &amp; MySQL Tutorials 2023 | Generate Customer Invoice &amp; Bulk Vouchers in PHP Urdu - 06', 'description': 'PHP & MySQL Tutorials in Urdu/Hindi with step by step complete training course for beginners and intermediate users. 00:00 ...', 'thumbnails': {'default': {'url': 'https://i.ytimg.com/vi/8N37mcret_w/default.jpg', 'width': 120, 'height': 90}, 'medium': {'url': 'https://i.ytimg.com/vi/8N37mcret_w/mqdefault.jpg', 'width': 320, 'height': 180}, 'high': {'url': 'https://i.ytimg.com/vi/8N37mcret_w/hqdefault.jpg', 'width': 480, 'height': 360}}, 'channelTitle': 'developers3nd', 'liveBroadcastContent': 'none', 'publishTime': '2021-02-21T22:03:13Z'}","{'duration': 'PT31M12S', 'dimension': '2d', 'definition': 'hd', 'caption': 'false', 'licensedContent': False, 'contentRating': {}, 'projection': 'rectangular'}"
"{'kind': 'youtube#video', 'videoId': '00P_9-2e64w'}","{'publishedAt': '2021-02-21T13:20:17Z', 'channelId': 'UCE__UhLJr60Otf0AancilEQ', 'title': 'PHP &amp; MySQL Tutorials 2023 | Free Theme Implementation in PHP Urdu 05', 'description': 'PHP & MySQL Tutorials in Urdu/Hindi with step by step complete training course for beginners and intermediate users. 1. How to ...', 'thumbnails': {'default': {'url': 'https://i.ytimg.com/vi/00P_9-2e64w/default.jpg', 'width': 120, 'height': 90}, 'medium': {'url': 'https://i.ytimg.com/vi/00P_9-2e64w/mqdefault.jpg', 'width': 320, 'height': 180}, 'high': {'url': 'https://i.ytimg.com/vi/00P_9-2e64w/hqdefault.jpg', 'width': 480, 'height': 360}}, 'channelTitle': 'developers3nd', 'liveBroadcastContent': 'none', 'publishTime': '2021-02-21T13:20:17Z'}","{'duration': 'PT13M29S', 'dimension': '2d', 'definition': 'hd', 'caption': 'false', 'licensedContent': False, 'contentRating': {}, 'projection': 'rectangular'}"
"{'kind': 'youtube#video', 'videoId': 'I4D6sikeqq4'}","{'publishedAt': '2021-02-14T20:53:48Z', 'channelId': 'UCE__UhLJr60Otf0AancilEQ', 'title': 'PHP &amp; MySQL Tutorials 2023 | Image Upload &amp; Retrieve in PHP Urdu - 04', 'description': 'PHP & MySQL Tutorials in Urdu/Hindi with step by step complete training course for beginners and intermediate users. 1. Image ...', 'thumbnails': {'default': {'url': 'https://i.ytimg.com/vi/I4D6sikeqq4/default.jpg', 'width': 120, 'height': 90}, 'medium': {'url': 'https://i.ytimg.com/vi/I4D6sikeqq4/mqdefault.jpg', 'width': 320, 'height': 180}, 'high': {'url': 'https://i.ytimg.com/vi/I4D6sikeqq4/hqdefault.jpg', 'width': 480, 'height': 360}}, 'channelTitle': 'developers3nd', 'liveBroadcastContent': 'none', 'publishTime': '2021-02-14T20:53:48Z'}","{'duration': 'PT8M49S', 'dimension': '2d', 'definition': 'hd', 'caption': 'false', 'licensedContent': False, 'contentRating': {}, 'projection': 'rectangular'}"
"{'kind': 'youtube#video', 'videoId': 'ria4efuGZj4'}","{'publishedAt': '2021-02-14T11:34:00Z', 'channelId': 'UCE__UhLJr60Otf0AancilEQ', 'title': 'PHP &amp; MySQL Tutorials 2023 | Foreign Key Relationship | Load Departs on Dropdown in PHP Urdu - 03', 'description': 'PHP & MySQL Tutorials in Urdu/Hindi with step by step complete training course for beginners and intermediate users. 1.', 'thumbnails': {'default': {'url': 'https://i.ytimg.com/vi/ria4efuGZj4/default.jpg', 'width': 120, 'height': 90}, 'medium': {'url': 'https://i.ytimg.com/vi/ria4efuGZj4/mqdefault.jpg', 'width': 320, 'height': 180}, 'high': {'url': 'https://i.ytimg.com/vi/ria4efuGZj4/hqdefault.jpg', 'width': 480, 'height': 360}}, 'channelTitle': 'developers3nd', 'liveBroadcastContent': 'none', 'publishTime': '2021-02-14T11:34:00Z'}","{'duration': 'PT18M22S', 'dimension': '2d', 'definition': 'hd', 'caption': 'false', 'licensedContent': False, 'contentRating': {}, 'projection': 'rectangular'}"
"{'kind': 'youtube#video', 'videoId': 'QZBuQtB9rCQ'}","{'publishedAt': '2021-02-07T20:03:55Z', 'channelId': 'UCE__UhLJr60Otf0AancilEQ', 'title': 'PHP &amp; MySQL Tutorials 2023 | Search through TextBox using Database in PHP Urdu - 02', 'description': 'PHP & MySQL Tutorials in Urdu/Hindi with step by step complete training course for beginners and intermediate users. 1. How to ...', 'thumbnails': {'default': {'url': 'https://i.ytimg.com/vi/QZBuQtB9rCQ/default.jpg', 'width': 120, 'height': 90}, 'medium': {'url': 'https://i.ytimg.com/vi/QZBuQtB9rCQ/mqdefault.jpg', 'width': 320, 'height': 180}, 'high': {'url': 'https://i.ytimg.com/vi/QZBuQtB9rCQ/hqdefault.jpg', 'width': 480, 'height': 360}}, 'channelTitle': 'developers3nd', 'liveBroadcastContent': 'none', 'publishTime': '2021-02-07T20:03:55Z'}","{'duration': 'PT7M51S', 'dimension': '2d', 'definition': 'hd', 'caption': 'false', 'licensedContent': False, 'contentRating': {}, 'projection': 'rectangular'}"
"{'kind': 'youtube#video', 'videoId': 'g_30oJDFLUA'}","{'publishedAt': '2021-02-05T17:19:30Z', 'channelId': 'UCE__UhLJr60Otf0AancilEQ', 'title': 'PHP &amp; MySQL Tutorials 2023 | Complete Custom CRUD App in PHP Urdu - 01', 'description': 'PHP & MySQL Tutorials in Urdu/Hindi with step by step complete training course for beginners and intermediate users. 00:00 - 1.', 'thumbnails': {'default': {'url': 'https://i.ytimg.com/vi/g_30oJDFLUA/default.jpg', 'width': 120, 'height': 90}, 'medium': {'url': 'https://i.ytimg.com/vi/g_30oJDFLUA/mqdefault.jpg', 'width': 320, 'height': 180}, 'high': {'url': 'https://i.ytimg.com/vi/g_30oJDFLUA/hqdefault.jpg', 'width': 480, 'height': 360}}, 'channelTitle': 'developers3nd', 'liveBroadcastContent': 'none', 'publishTime': '2021-02-05T17:19:30Z'}","{'duration': 'PT30M55S', 'dimension': '2d', 'definition': 'hd', 'caption': 'false', 'licensedContent': False, 'contentRating': {}, 'projection': 'rectangular'}"
"{'kind': 'youtube#video', 'videoId': 'RF0LE3hYFrI'}","{'publishedAt': '2021-02-02T12:00:13Z', 'channelId': 'UC7cs8q-gJRlGwj4A8OmCmXg', 'title': 'Advanced SQL Tutorial | Temp Tables', 'description': ""Take my Full MySQL Course Here: https://bit.ly/3tqOipr In today's Advanced SQL lesson we walk through how to use Temp Tables."", 'thumbnails': {'default': {'url': 'https://i.ytimg.com/vi/RF0LE3hYFrI/default.jpg', 'width': 120, 'height': 90}, 'medium': {'url': 'https://i.ytimg.com/vi/RF0LE3hYFrI/mqdefault.jpg', 'width': 320, 'height': 180}, 'high': {'url': 'https://i.ytimg.com/vi/RF0LE3hYFrI/hqdefault.jpg', 'width': 480, 'height': 360}}, 'channelTitle': 'Alex The Analyst', 'liveBroadcastContent': 'none', 'publishTime': '2021-02-02T12:00:13Z'}","{'duration': 'PT10M19S', 'dimension': '2d', 'definition': 'hd', 'caption': 'false', 'licensedContent': True, 'contentRating': {}, 'projection': 'rectangular'}"
"{'kind': 'youtube#video', 'videoId': 'oNlMrpnUSFE'}","{'publishedAt': '2021-01-13T14:18:46Z', 'channelId': 'UC8S4rDRZn6Z_StJ-hh7ph8g', 'title': 'Folder Structure for API&#39;s - Beginner, Intermediate, and Advanced', 'description': 'Best Tech Resume Template: https://papermoontech.com/pmcsrtk/pedro Use code: PEDRO for 20% off ^ In this video we will go ...', 'thumbnails': {'default': {'url': 'https://i.ytimg.com/vi/oNlMrpnUSFE/default.jpg', 'width': 120, 'height': 90}, 'medium': {'url': 'https://i.ytimg.com/vi/oNlMrpnUSFE/mqdefault.jpg', 'width': 320, 'height': 180}, 'high': {'url': 'https://i.ytimg.com/vi/oNlMrpnUSFE/hqdefault.jpg', 'width': 480, 'height': 360}}, 'channelTitle': 'PedroTech', 'liveBroadcastContent': 'none', 'publishTime': '2021-01-13T14:18:46Z'}","{'duration': 'PT20M43S', 'dimension': '2d', 'definition': 'hd', 'caption': 'false', 'licensedContent': True, 'contentRating': {}, 'projection': 'rectangular'}"
"{'kind': 'youtube#video', 'videoId': 'D6XNlTfglW4'}","{'publishedAt': '2020-12-01T12:04:43Z', 'channelId': 'UC7cs8q-gJRlGwj4A8OmCmXg', 'title': 'Intermediate SQL Tutorial | Partition By', 'description': ""Take my Full MySQL Course Here: https://bit.ly/3tqOipr In today's Intermediate SQL lesson we walk through Using the Partition By."", 'thumbnails': {'default': {'url': 'https://i.ytimg.com/vi/D6XNlTfglW4/default.jpg', 'width': 120, 'height': 90}, 'medium': {'url': 'https://i.ytimg.com/vi/D6XNlTfglW4/mqdefault.jpg', 'width': 320, 'height': 180}, 'high': {'url': 'https://i.ytimg.com/vi/D6XNlTfglW4/hqdefault.jpg', 'width': 480, 'height': 360}}, 'channelTitle': 'Alex The Analyst', 'liveBroadcastContent': 'none', 'publishTime': '2020-12-01T12:04:43Z'}","{'duration': 'PT4M14S', 'dimension': '2d', 'definition': 'hd', 'caption': 'false', 'licensedContent': True, 'contentRating': {}, 'projection': 'rectangular'}"
"{'kind': 'youtube#video', 'videoId': 'Dk7he_yEs4U'}","{'publishedAt': '2020-06-04T14:00:10Z', 'channelId': 'UC7cs8q-gJRlGwj4A8OmCmXg', 'title': 'Intermediate SQL Tutorial | Aliasing', 'description': 'Take my Full MySQL Course Here: https://bit.ly/3tqOipr Today we look at how to alias columns and tables. This becomes very ...', 'thumbnails': {'default': {'url': 'https://i.ytimg.com/vi/Dk7he_yEs4U/default.jpg', 'width': 120, 'height': 90}, 'medium': {'url': 'https://i.ytimg.com/vi/Dk7he_yEs4U/mqdefault.jpg', 'width': 320, 'height': 180}, 'high': {'url': 'https://i.ytimg.com/vi/Dk7he_yEs4U/hqdefault.jpg', 'width': 480, 'height': 360}}, 'channelTitle': 'Alex The Analyst', 'liveBroadcastContent': 'none', 'publishTime': '2020-06-04T14:00:10Z'}","{'duration': 'PT6M12S', 'dimension': '2d', 'definition': 'hd', 'caption': 'false', 'licensedContent': True, 'contentRating': {}, 'projection': 'rectangular'}"
"{'kind': 'youtube#video', 'videoId': 'bhnrIforc7s'}","{'publishedAt': '2020-04-16T12:58:52Z', 'channelId': 'UC7cs8q-gJRlGwj4A8OmCmXg', 'title': 'Intermediate SQL Tutorial | Updating/Deleting Data', 'description': ""Take my Full MySQL Course Here: https://bit.ly/3tqOipr In today's Intermediate SQL lesson we walk through Updating/Deleting ..."", 'thumbnails': {'default': {'url': 'https://i.ytimg.com/vi/bhnrIforc7s/default.jpg', 'width': 120, 'height': 90}, 'medium': {'url': 'https://i.ytimg.com/vi/bhnrIforc7s/mqdefault.jpg', 'width': 320, 'height': 180}, 'high': {'url': 'https://i.ytimg.com/vi/bhnrIforc7s/hqdefault.jpg', 'width': 480, 'height': 360}}, 'channelTitle': 'Alex The Analyst', 'liveBroadcastContent': 'none', 'publishTime': '2020-04-16T12:58:52Z'}","{'duration': 'PT4M37S', 'dimension': '2d', 'definition': 'hd', 'caption': 'false', 'licensedContent': True, 'contentRating': {}, 'projection': 'rectangular'}"
"{'kind': 'youtube#video', 'videoId': 'tYBOMw7Ob8E'}","{'publishedAt': '2020-04-09T16:01:02Z', 'channelId': 'UC7cs8q-gJRlGwj4A8OmCmXg', 'title': 'Intermediate SQL Tutorial | Having Clause', 'description': ""Take my Full MySQL Course Here: https://bit.ly/3tqOipr In today's Intermediate SQL lesson we walk through the Having Clause."", 'thumbnails': {'default': {'url': 'https://i.ytimg.com/vi/tYBOMw7Ob8E/default.jpg', 'width': 120, 'height': 90}, 'medium': {'url': 'https://i.ytimg.com/vi/tYBOMw7Ob8E/mqdefault.jpg', 'width': 320, 'height': 180}, 'high': {'url': 'https://i.ytimg.com/vi/tYBOMw7Ob8E/hqdefault.jpg', 'width': 480, 'height': 360}}, 'channelTitle': 'Alex The Analyst', 'liveBroadcastContent': 'none', 'publishTime': '2020-04-09T16:01:02Z'}","{'duration': 'PT3M31S', 'dimension': '2d', 'definition': 'hd', 'caption': 'false', 'licensedContent': True, 'contentRating': {}, 'projection': 'rectangular'}"
"{'kind': 'youtube#video', 'videoId': 'Twusw__OzA8'}","{'publishedAt': '2020-04-02T15:16:37Z', 'channelId': 'UC7cs8q-gJRlGwj4A8OmCmXg', 'title': 'Intermediate SQL Tutorial | Case Statement | Use Cases', 'description': ""Take my Full MySQL Course Here: https://bit.ly/3tqOipr In today's Intermediate SQL lesson we walk through Case Statements."", 'thumbnails': {'default': {'url': 'https://i.ytimg.com/vi/Twusw__OzA8/default.jpg', 'width': 120, 'height': 90}, 'medium': {'url': 'https://i.ytimg.com/vi/Twusw__OzA8/mqdefault.jpg', 'width': 320, 'height': 180}, 'high': {'url': 'https://i.ytimg.com/vi/Twusw__OzA8/hqdefault.jpg', 'width': 480, 'height': 360}}, 'channelTitle': 'Alex The Analyst', 'liveBroadcastContent': 'none', 'publishTime': '2020-04-02T15:16:37Z'}","{'duration': 'PT7M26S', 'dimension': '2d', 'definition': 'hd', 'caption': 'false', 'licensedContent': True, 'contentRating': {}, 'projection': 'rectangular'}"
"{'kind': 'youtube#video', 'videoId': 'lYKkro6rKm0'}","{'publishedAt': '2020-03-26T16:51:37Z', 'channelId': 'UC7cs8q-gJRlGwj4A8OmCmXg', 'title': 'Intermediate SQL Tutorial | Unions | Union Operator', 'description': ""Take my Full MySQL Course Here: https://bit.ly/3tqOipr In today's Intermediate SQL lesson we walk through Unions. All Topics ..."", 'thumbnails': {'default': {'url': 'https://i.ytimg.com/vi/lYKkro6rKm0/default.jpg', 'width': 120, 'height': 90}, 'medium': {'url': 'https://i.ytimg.com/vi/lYKkro6rKm0/mqdefault.jpg', 'width': 320, 'height': 180}, 'high': {'url': 'https://i.ytimg.com/vi/lYKkro6rKm0/hqdefault.jpg', 'width': 480, 'height': 360}}, 'channelTitle': 'Alex The Analyst', 'liveBroadcastContent': 'none', 'publishTime': '2020-03-26T16:51:37Z'}","{'duration': 'PT5M25S', 'dimension': '2d', 'definition': 'hd', 'caption': 'false', 'licensedContent': True, 'contentRating': {}, 'projection': 'rectangular'}"
"{'kind': 'youtube#video', 'videoId': '9URM1_2S0ho'}","{'publishedAt': '2020-03-19T15:40:58Z', 'channelId': 'UC7cs8q-gJRlGwj4A8OmCmXg', 'title': 'Intermediate SQL Tutorial | Inner/Outer Joins | Use Cases', 'description': ""Take my Full MySQL Course Here: https://bit.ly/3tqOipr In today's Intermediate SQL lesson we walk through Joins. Joins allow us ..."", 'thumbnails': {'default': {'url': 'https://i.ytimg.com/vi/9URM1_2S0ho/default.jpg', 'width': 120, 'height': 90}, 'medium': {'url': 'https://i.ytimg.com/vi/9URM1_2S0ho/mqdefault.jpg', 'width': 320, 'height': 180}, 'high': {'url': 'https://i.ytimg.com/vi/9URM1_2S0ho/hqdefault.jpg', 'width': 480, 'height': 360}}, 'channelTitle': 'Alex The Analyst', 'liveBroadcastContent': 'none', 'publishTime': '2020-03-19T15:40:58Z'}","{'duration': 'PT15M53S', 'dimension': '2d', 'definition': 'hd', 'caption': 'false', 'licensedContent': True, 'contentRating': {}, 'projection': 'rectangular'}"
"{'kind': 'youtube#video', 'videoId': 'lFRMdGfo_XA'}","{'publishedAt': '2019-11-23T05:19:16Z', 'channelId': 'UC8wZnXYK_CGKlBcZp-GxYPA', 'title': 'Python Intermediate Tutorial #8 - Database Programming', 'description': ""In today's episode, we are talking about database programming in Python. Website: https://www.neuralnine.com/ Instagram: ..."", 'thumbnails': {'default': {'url': 'https://i.ytimg.com/vi/lFRMdGfo_XA/default.jpg', 'width': 120, 'height': 90}, 'medium': {'url': 'https://i.ytimg.com/vi/lFRMdGfo_XA/mqdefault.jpg', 'width': 320, 'height': 180}, 'high': {'url': 'https://i.ytimg.com/vi/lFRMdGfo_XA/hqdefault.jpg', 'width': 480, 'height': 360}}, 'channelTitle': 'NeuralNine', 'liveBroadcastContent': 'none', 'publishTime': '2019-11-23T05:19:16Z'}","{'duration': 'PT24M30S', 'dimension': '2d', 'definition': 'hd', 'caption': 'false', 'licensedContent': True, 'contentRating': {}, 'projection': 'rectangular'}"
